track.uri,track.name
3ZFTkvIE7kyPt6Nu3PEa7V,Hips Don't Lie
6bK9BH9Ts8Gj5JFvnQkzak,Get Busy
77FULy278MulVvGWS8BfK7,When Love Takes Over (feat. Kelly Rowland)
2x7MyWybabEz6Y6wvHuwGE,Just Dance
5rb9QrpfcKFHM1EUbSIurX,Yeah! (feat. Lil Jon & Ludacris)
2bLqfJjuC5syrsgDsZfGmn,The Way I Are
5aEqcblO0Z6JloFJXtxyhe,Everytime We Touch
2VOomzT6VavJOGBeySqaMc,Disturbia
0HPD5WQqrq7wPWR7P7Dw1i,TiK ToK
0uXO2GrNiIb1xHT9LUdxZE,Sexy Bitch (feat. Akon)
5IVuqXILoxVWvWEPm82Jxr,Crazy In Love (feat. Jay-Z)
228BxWXUYQPJrJYHDLOHkj,Gasolina
2PpruBYCo4H7WOBJ7Q2EwM,Hey Ya!
0k2GOhqsrxDTAbFFSdNJjT,Temperature
04KTF78FFg8sOHC1BADqbY,Hot In Herre
4RY96Asd9IefaL3X4LOLZ8,In Da Club
2kQuhkFX7uSVepCD3h29g5,Smack That
2wGSgTmgSF3xjRrHkTc25R,Hate It Or Love It
4wH4dJgrsxONID6KS2tDQM,Maneater
0CAfXk7DXMnon4gLudAp7J,Low (feat. T-Pain)
1AWQoqb9bSvzTjaLralEkT,Rock Your Body
1PS1QMdUqOal0ai3Gt7sDQ,Gold Digger
0O45fw2L5vsWpdsOdXwNAR,SexyBack (feat. Timbaland)
6naxalmIoLFWR0siv8dnQQ,Oops!...I Did It Again
49X0LAl6faAusYq02PRAY6,Lady - Hear Me Tonight
2NBQmPrOEEjA8VbeWOQGxO,Drop It Like It's Hot
30cSNer6TV8x2utjULVeQ5,SOS
66TRwr5uJwPt15mfFkzhbi,Crank That (Soulja Boy)
2H1047e0oMSj10dgp7p2VG,I Gotta Feeling
3850dYVgOFIXJh5U4BFEWH,Hung Up
3aQz0z86zrKjd1mcZlonxE,Infinity 2008 - Klaas Vocal Edit
7uKcScNXuO3MWw6LowBjW1,"One, Two Step (feat. Missy Elliott)"
69bHJ9qs5FrUJbKP8xU8uZ,Disco Inferno
7xYnUQigPoIDAMPVK79NEq,Run It! (feat. Juelz Santana)
1oHClQEgDmmbcEx12Kc5nZ,4 Minutes (feat. Justin Timberlake & Timbaland)
0OPyDgTRuIdCJ9B4bYSths,Hotel Room Service
13plQdOoWSSXPRUSZc5FuM,I Know You Want Me (Calle Ocho)
6Sy9BUbgFse0n0LPA5lwy5,Sandstorm
3jagJCUbdqhDSPuxP8cAqF,Work It
1GLx5tpDdwEFiA7KaikvX2,Beautiful
7M13FwBAKWNa2jqcZeUhL6,Love Generation - Radio Edit
0F2BxpbxH8Yc3pLub48hrb,Pjanoo - Radio Edit
7F1lHcpnTycnimQrCxDFI5,Hot
5ReOsbat3U1k2KMD8GLxoh,Get Back (ASAP)
6oIEIdJL9kDbBrGIyLZHIT,Stereo Love
3C0nOe05EIt1390bVABLyN,On The Floor
2MHhLr6esBwaKCKkQ40PWL,Summerlove
2GYHyAoLWpkxLVa4oYTVko,Alors on danse - Radio Edit
089vxHEH64AKLKhokNXEJx,Higher
4356Typ82hUiFAynbLYbPn,DJ Got Us Fallin' In Love (feat. Pitbull)
2CEgGE6aESpnmtfiZwYlbV,Dynamite
5pmL3RzOy3IvGFaSDi4hZL,Hangover
4x7FBsQScj0K6QkM9yWgjc,Hot Summer Night (Oh La La La)
25G1PxpeoaaisKqcDRmlPR,Fiesta Loca - Radio Edit
0FYUTxJZvvOVLopuhusqYC,Run The Show (feat. Busta Rhymes)
4DvhkX2ic4zWkQeWMwQ2qf,Like A G6
4QNpBfC0zvjKqPJcyqBy9W,"Give Me Everything (feat. Ne-Yo, Afrojack & Nayer)"
41kOdUYJOPwl8nAZr7dsts,Bumpy Ride
2cZrrQMjB63c0iIugYH9zS,Rain Over Me (feat. Marc Anthony)
0aBKFfdyOD1Ttvgv0cfjjJ,More - RedOne Jimmy Joker Remix
1zZIGnXIcDKU8QIUkR20nK,She Doesn't Mind
1r3myKmjWoOqRip99CmSj1,Don't Wanna Go Home
60Qa4MfNC1dgVfuDF6rgMS,Troublemaker
12HgZnRqGPwIZJD0gPsUor,Breathing
4ked2EG729C35aJAsoCk9J,Ma Chérie - Remady Radio Edit
76sWab9iC3vvk21aln8G8t,I'm Into You
6Avndj1UPQLwR2qqzDwZBc,Whine Up (feat. Elephant Man) - English Version
1mvZErZBp7WZT3HfGBykao,Cry for You
1pbHy9VBpSyZh56xuujZz0,In The Dark
5DdDbJvoaT8fqQMJkiGg4T,Take Over Control (feat. Eva Simons) - Radio Edit
6JOlNkT0QdHeZB0wPbI9IR,Turn Me On (feat. Nicki Minaj)
2iJuuzV8P9Yz0VSurttIV5,Scream & Shout
01TuObJVd7owWchVRuQbQw,#thatPOWER
3nMb7ToWIxYvmaIG20z6ux,Tonight (I'm Fuckin' You)
12eMQUn2GzfsfsQLH53M19,Scream
77ePeF9L2QKvKrSsWpJXBF,Suave (Kiss Me) (feat. Mohombi & Pitbull)
6ebkx7Q5tTxrCxKq4GYj0Y,Club Can't Handle Me (feat. David Guetta)
2WOg6FT27iLtN8wetk69nP,Dirty Dancer
62zFEHfAYl5kdHYOivj4BC,International Love (feat. Chris Brown)
1RMRkCn07y2xtBip9DzwmC,Turn Up the Music
6YMPu36VGIknb8Ey1ohW3j,Loca (feat. Dizzee Rascal)
2xnoPV3NLescauc0ZJ1MDZ,Dance Again (feat. Pitbull)
3FrX3mx8qq7SZX2NYbzDoj,Who's That Chick? (feat. Rihanna)
4bZd0nRuX8HyjeXAUBczvm,I Cry
1NpW5kyvO4XrNJ3rnfcNy3,Wild Ones (feat. Sia)
1nAGuIZXz6vb8XW0xiMqic,Papi
38iU2jg98IZZEIJPrP7aWD,Till the World Ends
5cCAZS9VhLGEDV4NCfieeg,I Wanna Go
7vWFaMq63AwkFDhS2OAg5u,The Time (Dirty Bit)
2Vnv7pXiMfMeGilx1r9KCA,Wet (Snoop Dogg Vs. David Guetta) - Remix
0Hf4aIJpsN4Os2f0y0VqWl,Feel This Moment (feat. Christina Aguilera)
1eVXmyWx6J8p8VhPj9nluu,Down For Whatever
7IohFKIwrb75c4XaqX7WWo,This Is Love
3opVsyWVYEAFK9bJAG8Opa,Boom Boom Pow
2gam98EZKrF9XuOkU13ApN,Promiscuous
2a1o6ZejUi8U3wzzOtCOYw,Danza Kuduro
3rfhI32Il2hVRKDkuGeeen,Hey Baby (Drop It to the Floor) (feat. T-Pain)
5XVjNRubJUW0iPhhSWpLCj,Better Off Alone
47qhA3AnXep9EEYIAuuhpz,Needin' U - Original Mistake Mix
3e9L9HiHKcfYLAga28Vmcf,Something
72SpPFrMYCXLB3Fbw9tEgf,Heaven
7cR6SJQLubZTtIrAgteiec,The Logical Song
2PTvik6EqPAIYOclAB3SU8,All I Ever Wanted - Radio Edit
1arJHhz6TxMV50SNvSmGnV,Ecuador - Original Radio Edit
4wtR6HB3XekEengMX17cpc,Children
4LzLiaAhbcCMUNFZXngS2G,Lover
0n7WgacZXU3YjPIsDkZL2H,Land of the Living - Radio Edit
0TOkOutlSiFA8obp1vwAFq,I Wanna Dance With Somebody
6mCBye12ZqBciPgHo1ov8i,This Time I Know It's For Real - Radio Edit
2jBsr5rb8anJ7z4jjbh0bC,Bellissima - Radio Edit
557q3cfw95ChPhoupTVUUZ,Back in My Life
4IpDZx3j87FdGqbsczY4uX,High Energy - Vocal Mix
1YsZB1pLIXR0YgiOxUG9cv,On The Beach - Mauro Picotto's CRW Remix
22RGeL5eCVCCXeTDZLzYdC,There's Nothing I Won't Do - Original Edit
6paUKZ1F2OVmaYiAxtXdhu,Tell It To My Heart
4A56k97klal1TbWHH0DbnE,You're a Superstar - City of Love Club Mix
2zHLtC9qha5M9dUBUmr8oe,Star to Fall - Radio Edit
0huUPVJ3iTkhCbrKpNyzPS,Use Somebody
6Oz1bItZlvZ4OLYZcSk2Ho,Toca Me
4zrl5YGi2OqMar45Kdn4BM,Take Me To The Clouds Above - LMC Vs. U2 / Radio Edit
2SCP5oOX5OSp5RT83h2rs0,Lola's Theme - Radio Edit
5ClXLJW6OLZuTLCwhmX9h9,From Paris to Berlin
0zjORbo98bRxMmyS3wzeKW,Don't Give Up
1bV3jw1mlVbPkzc9bCGCsl,Ella Elle L A - Radio Version
3e5o2U4bvViopkUEGNp1B7,Another Chance
7FpkmUt2H3Mf9TVEGHkUpk,Will I Ever
4tI7eIbEUfInHS3sxfqkkr,Romeo
4LjfIjS8iweFCPdKxLnEoV,Let Me Think About It
5RGiyzMQrBQQwMRid7SE65,Nessaja
6ddQ5KCkvCggk3j6KdA0zL,Bonkers
4YnAKHP8pUPeaOov12tljh,The Whistle Song
6q6PeTloTbL2vb1Gt9sQQc,Ready For The Floor
6P3TrUT5OBuyrBYGrHo525,"World, Hold On"
2KgCPRTAECwNbJG1uYdfjl,Stamp On The Ground
0awvg4qIKgoUzKG1LY6Hqg,I Turn To You - Hex Hector Radio Mix
0OSAJEA0ekX6pr2nuiPzX7,Rapture (feat.Nadia Ali)
6EbHq1fhCZePddEdD5ppui,Sexual (Li Da Di) - Thunderpuss Remix
0FsTic2eY5j14U8KpubZTx,Total Eclipse of the Heart - Dance Version
67A5L6EN5OFoJ5m1dbsBWG,I Feel Love
0rSJMA0XBPxzgRjCpRPnJP,Forever Young - Kosmonova Radio Edit
0W86MX8ZH0kqdvifeaoJEu,My Love Is Your Love - Jonathan Peters Radio Mix II
3jmx0icLOjLCISEcNHTnHp,Feel Your Love - Radio Edit
3MRX02BbSV4zUYt7WAPNos,No One's Gonna Change You
1OjTdOsxglqW2nQY0J4OCd,Alone - Johnny Budz Radio Edit
5YJtMNWKe55yr49cyJgxva,Everytime We Touch
2pzdPikvnSUldU4zQm9tcS,Music Inside Out - Main Mix
7861kBrZ5aw7o4NfggcyYW,It's Not Right But It's Okay
2HH2km5d2nGVfpBFrqGSXp,Coño - James Kennedy Remix
2LtjgykFxoF7Khi0TNVJfy,How Will I Know - Junior Vasquez Club Mix Radio Edit
6VbiW6hb4jbfsUObjZeyZ0,Close My Eyes - Radio Edit
6VZciflHXKBKMxPXnGEmag,No One's Gonna Change You
0ceI4w0e2Syq1sNxCe6lLm,Listen to Your Heart - Hardbounze Single Edit
2hPOOLM9Oefyy43eAXR4Hf,Total Eclipse Of The Heart - Dance Mix
5EJm8yCF0lsuhcCueq835G,In A Dream - 1:00AM Mix
5VYTKiOnHw4iTrB9pG3yum,Unbelievable
0bAUF6hZiAx9KybTrhaiVK,Missing - Todd Terry Club Mix
2IHaGyfxNoFPLJnaEg4GTs,"What Is Love - 7"" Mix"
2QLEN3RVunMas7j0PHjeAT,C'mon N' Ride It (The Train)
6YX75Ps2XsWn9dOzwbqmNV,This Is Your Night
3zg4stPJlbNSBPA8HJzLZA,Boom Boom Boom (Radio Version)
0oksV4blK63iagpfT227PL,Tonight Is The Night - Le Click - Dance Mix -
0xdFJkARYp9VZ2vfdNxkYX,Jellyhead
66X03EIfE1zm99rd4SfL71,100% Pure Love
2He3NOyqtLNE3RQPpeDdSb,Groove Is in the Heart
5hWdgGVcfTeLPAiHM6EZG9,Good Vibrations
3pEuO9J2MTEmec8kUfYYvl,Another Night
7eheoW4hxrH51ww2QePVwF,Gonna Make You Sweat (Everybody Dance Now)
3vSn1frPgFcRXrjWOfhMLl,Be My Lover
5IPJsGFKtxKDPCkT8lhEjN,The Rhythm of the Night
6wBMTv8yTiNh50fqTkT0JC,Everybody Everybody
22HhMuTmOYS2WWDfkVhGUf,Free - Mood II Swing Radio Edit
6gPyYTj6G3QkF8ccJuH0LI,Original Mix
0JXXm3RqxU8EKzX4P8M0n3,More And More - Single Version
70xnPuGvdz7HZRNLYGM0Kz,Give It Up (Revised Mix)
4EO7E6OTT3FvYt8ORWLuSH,3 A.M. Eternal
0tWafhSMBKXG1xcz6OPDNx,Jump!
7voHUmPNDuYZ1SW1mwRu26,No Limit
78ePMYOtObETLaxVEVizXl,Twilight Zone
00309sp8DDeN07RtAyBKIX,Workaholic
0o71f1DOh7q10QmMjAa41a,Knockin - First Radio Mix
0yT3JBkQzJNaS2mCXSPI8Z,I Can't Go for That (No Can Do)
2mOrxVrZi9PAs1arR9ifnt,Culo Miami Mix
2UKkLqST2xWpK8n1b0Xr5Z,Return To Innocence
57h06SZNL6LJ3YKZ1UGCeu,Sadeness
1RSy7B2vfPi84N80QJ6frX,Blue Monday - 2016 Remaster
3GXAAgzvRuEiyiPGGUD1e1,"So Fresh, So Clean - Radio Mix"
4zFyMSopXqcKWUbwVkC0vd,Freek-a-Leek
18UhvUi9FjHtoTgnqX7kbl,Drop It Like It's Hot
5CSossBRgqQUcBJGkI9H8S,Get Low
2RPl2HMZE0ycVf1UdlpUkA,Blow the Whistle
5Mcvgt2GbxxCp6cz3Kfjey,In Da Club
6NOLpi1u8a1LmuQo1qWj2A,Money Maker - (Edited)
3hpUL1gDZWiz8k4DtYhZsS,Hot In Herre
43PBE5b3RJgwfi1i9xKtEs,Gold Digger
7aSu6LKuIJDUOqb7aBQlBj,Stand Up
6SzU93bVdZ3nDztroeWcng,21 Questions
734ZSjvlOHj65eiWiLMh6a,Beautiful
0AU0VWpaoihPEvxly76JVf,Ms. Jackson - Radio Mix
79HOQuvfM2rBOlbCHfNuPb,P.I.M.P.
0C2lRyKTq9vZrO3B3Vzk71,I Just Wanna Love U (Give It 2 Me)
777Zkh39vKvy1dA0npFTU3,Back That Azz Up
70Wb2xKOAOte8iNkBpezQs,No Hands (feat. Roscoe Dash and Wale)
4S7YMreltxQSetnI1yLfOP,Ayy Ladies (feat. Tyga)
0LeNH0ywd7M2nDJFKtyEVr,Rodeo
3GKL13lkM5nRc4zC1lIOrR,Still Not a Player - Radio Version
22Iv528hInSnHFjWYSVnq8,"Baby, I'm Back"
6Nq5lE0CeOAAAqN4qhkbZU,Suga Suga
4D2cYdHqk8tu65jUig4OcN,Can't Believe It (feat. Lil' Wayne)
6M330EPRCVdZU6Sk5A0OF0,Say I Yi Yi
2fQ6sBFWaLv2Gxos4igHLy,Say Aah (feat. Fabolous)
5gflgO9EPbIBf16n5TKnQS,Yo Voy (feat. Daddy Yankee)
6mCVntXCdaFcV9gkmAqkWW,Bring It Back
2eSJflipjhSKLExuSwuFrO,What's Luv? (feat. Ashanti)
0Tz7WjYy8ZBQ3nsCJVXSqf,Right Thurr
1Epb6Kfe3GTgKrrWs1Y4Wy,Badd
06cQPGrmqvyfoUp1fHZ7xW,Toot It And Boot It - Edited Version
2eihCwBzshdVDSHtpDbKEN,Yiken (Certified)
7n2Dqgp4iXd8Zorfj9XSYo,Donk
1sBtEhGRIb8DLIJ6Iakvy4,Gas Pedal
6ST8fTROrYNpVYT0eIiscP,Up Down (Do This All Day) (feat. B.o.B)
7znYx2SB5djRC3RtgkwUpR,She Twerkin
4dRVShTy2Tjwga0h8GuKcT,The Potion
5ra5c4NPCA4szK6hBbMs4u,Drop (feat. Fatman Scoop)
5z10z9Q1jbBGmxY7fC5plq,Best Friend
7l1miGs1tFnzxwWKYwceZY,Izzo (H.O.V.A.)
1DpVTrPL1QsbSDqdBHw0Pg,Air Force Ones
4YAtIop3U0HsJ7jE94BCmX,All The Way Turnt Up
0pppIiLS63LpmagU1nizBq,Grove St. Party (feat. Kebo Gotti)
3wKKkGVn7cVSfgPeYYIiXG,Kiss Kiss (feat. T-Pain)
04GRz5WkRVmPSGuZFJnuma,Hate It Or Love It
1Kp4JGkQqP9woeGtB3IeWx,I Luv Your Girl - Remix (Edited)
0DLOyyQvwPTSDKuhpzMMwA,I'm Sprung
7dTWoWDSc1gQA0BpJXKBBQ,Mrs. Officer - Album Version (Edited)
1RGIjMFMgJxkZHMDXVYzOJ,Bartender (feat. Akon)
2veAjMS3fbCnQad21buZcf,Here I Am - Album Version (Edited)
6RlehUBvagbFzhADlLh5W3,Shawty (feat. T-Pain)
2E2U9m4MPBq1CUXVfFfhti,Slow Motion
4SVLlDIeY6w5axpMVhy0qH,Magic Stick
4T90fwS4tw1Qlxige4a9mK,Lollipop - Album Version (Edited)
7oAZVxmRCVFanxK7tk16vv,Bring Em Out
2q4rjDy9WhaN3o9MvDbO21,Kiss Me Thru The Phone
5wzxzjEwfITwFSOve1usTV,Shawty Is Da Sh*! - Album Version Edited
6hT7jL1KmDyCxWOhuzF0lA,Superman
6J6uA4t4EwREnQxuZo8Sha,Shake It Fast - Cleaner Radio Edit
7aXXjA800sXYKpM8D9pCVT,Tell Me
3jEqrIfwKO0M8ALu3TGilF,Like You (feat. Ciara)
6o2g1BJvtYQssH84kBYs7y,Back That Azz Up
5FLDJFFHzXkjrkpMSr6amv,Get Silly - Radio Edit
5KQbGJHZvvvxgsTfmJtNtX,My Chick Bad
7dbJh6sbJqgaxI3Bdax4qu,15th and the 1st (feat. YG Hootie)
27mhCGdAA8gM7b33KIiB3k,Cyclone (feat. T-Pain)
1Q1jlFs004vwB0DOznii3K,Buy U a Drank (Shawty Snappin') (feat. Yung Joc)
4KsRhsifjqKgnfQHVIgJke,Hard in Da Paint
1djfwy9FvafpK4KhznjjeI,We Ready
4Ilen0VxPEsVRLpnePji8P,"Slow Down - 12"" Version"
2ndijl7rjAD2quL0r1Wm2h,Xxplosive - Album Version (Edited)
4fVr2s8q66lmocuFBB6pHg,Pimpin' All Over The World
6fju5NbZznZRZDfP7mpZ56,Girl's Around The World - Radio Version
7g7o2dAUn0Dz4h4CLeJSxh,It's Goin' Down (feat. Nitti)
3FaUH7ZMjW1hv9Jx6MIAIf,Sunshine (feat. Lea)
0Uhnzk5zI46IRlQ04LNOtc,Hey Ma
4AcScHuxr9xAqqyxxTMAhu,Best I Ever Had
5pVFgzacZ4gM3iOFcFxasz,What Up Gangsta - Album Version (Edited)
41NERW1yvffM0xQknvhKmy,Dangerous - Album Version (Edited)
0tDQlF2t00FEAlizuaHpbO,Through The Wire
4XtBHziZZRjtv8bRZwWqsN,Smack That
5QTWAj4eiLac88p9y9Zp0F,Still Tippin' (feat. Slim Thug and Paul Wall)
6ls5ulRydoPE7oWGPGBqFA,Lonely
2cxbxpHrND6i4uvUGVvC9J,Just a Friend 2002 - Radio Edit
3ClTgDPEFvwQnuDGZXerRV,All I Have (feat. LL Cool J) - Radio Edit
3XKIUb7HzIF1Vu9usunMzc,Maria Maria
2IyL2CyHoenwQLds5jSuqK,Body On Me
6DbqCKweKwVkHgRv1CI53D,"Pop, Lock & Drop It - Video Edit"
4xwRtK6tfMp4yZwcDvY0gT,Between Me & You
07m6LTGN2hYT8EpZIi5Qzl,Locked Up
7MTPoaLvTBj4zv3g2w4jmS,Lean Back - Edit
4LiJE6pqgsTX3FtukW6bNh,Release Me
7xXSaVgEvUrV1GCc3oO8HC,The Spirit of the Hawk
1X7654uBsdVKnZAqyIJT7y,Herz an Herz
2ahnofp2LbBWDXcJbMaSTu,"What Is Love - 7"" Mix"
2L5FEDC0MU2a6OEkLjByEd,Captain Jack - Short Mix
3jd4ya9vCwExxTVOjPcqsf,Die Eine 2005
3y8KDRh8WjpOld0q6rPba1,Boten Anna - Club Remix
0ztClGwQQ9KftOO7JFcWrb,There Is a Party
6e40mgJiCid5HRAGrbpGA6,I Want It That Way
5N6M8yDiMV32T6Rkzh8EbW,"Boom, Boom, Boom, Boom!!"
4ih3dyFZoeTdaeJW9mPbOI,Mr. Vain - Original Radio Edit
1Je1IMUlBXcx1Fz0WE7oPT,Wannabe
1btqbebzIS2IK0QkRUpShJ,Get Down (You're the One for Me) - LP Edit No Rap
6sbXGUn9V9ZaLwLdOfpKRE,Larger Than Life
01kVVoJQuWVqaOvRgRztJD,Sing Hallelujah!
7CKbqqrs0AS1si1ZgaQdcj,Angels
0pXhsuk0u7vzOtBYdFkaAs,Freedom
0UQhKr79tTjADwLHb77CwE,Pray
59VRFpPnC8pOhIH2WCWXF9,Saturday Night - Radio Mix
4RADreHMvMkZwsPgPr9z5c,"Rhythm Is A Dancer - 7"" Edit"
5ZrDlcxIDZyjOzHdYW1ydr,Barbie Girl
1nRwyxNsqCLeA17qR8Nfxx,Quit Playing Games (With My Heart)
3MjUtNVVq3C8Fn0MP3zhXa,...Baby One More Time
1B75hgRqe7A4fwee3g3Wmu,U Can't Touch This
1gZ7i4qxXkHZb1r6eioaAP,Don't Cha
1H5VQuShs4qfwBXyHF0PeH,Narcotic - Radio Edit
0Jg602cHeMCnPez9baacIe,Cotton Eye Joe
2df5QsXucx4VLiHNGusXD5,Macarena - Bayside Boys Remix
6kWJvPfC4DgUpRsXKNa9z9,All That She Wants
67T6l4q3zVjC5nZZPXByU8,Whatcha Say
3RM5RpRDDdST1njqOMG141,Monsta
4nnHlGaBwJHb1rBetqj0Yl,Dragostea Din Tei
7M2wk27EePpYr9TH3uZY1r,Somebody Dance with Me
623rRTKwGmgjH6sjE9uWLh,Scatman (ski-ba-bop-ba-dop-bop)
2YsSQIQjeMbqk7RLTQg7u9,Boomerang
5PTWlk21hqWnFu841NOp7k,I Give You My Heart
0hrBpAOgrt8RXigk83LLNE,The Sign
0sP5kWa0azj9ucsZCSQxUS,Ich find dich scheisse
3jxxYgf0lK155eeuSO5sH1,Mädchen - Mädchen-Radio-Mix
6dHTkQYY3zdR9i9Nj0IGVW,"I Like To Move It (feat. The Mad Stuntman) - Erick ""More"" Album Mix"
2yAVzRiEQooPEJ9SYx11L3,Blue (Da Ba Dee) - Gabry Ponte Ice Pop Radio
11mwFrKvLXCbcVGNxffGyP,Genie In a Bottle
1SssFw74DdHVjRa6ADggdD,Sweat (A La La La La Long)
1DIXPcTDzTj8ZMHt3PDt8p,Gangsta's Paradise
4XZwpHpscrMkbpQPqjnwRJ,King Of My Castle - Roy Malone's King Mix
2LjiPAQOVazT8sRyXL3XRs,Informer
4BggEwLhGfrbrl7JBhC8EC,Butterfly
27AHAtAirQapVldIm4c9ZX,Jump
3XVozq1aeqsJwpXrEZrDJ9,Ice Ice Baby
5bYN7ttTmfpZYDgEqRF9sT,It's Like That
0cuq829zRNq4AEdmDJA4aw,Two Princes
1H5tvpoApNDxvxDexoaAUo,Who Let The Dogs Out
4fxF8ljwryMZX5c9EKrLFE,Boombastic
0ZqveF2rEFlz2oqF2xrriP,The Riddle
37tzoWY1ubBQKGXiWdO5Qv,Where Do You Go
0FkLMOUTkSTPSAYkIXQ579,L'amour Toujours (Small Mix)
3M8Udb8BCORTooCQAjo4R2,My Heart Goes Boom - Radio Version 'Reloaded'
6UEfyhyfhYQsyipxOd95Ie,The Ketchup Song (Aserejé) - Spanglish Version
5YZuePCawcrg0DJrWovPu7,Witch Doctor
5EYdTPdJD74r9EVZBztqGG,The Bad Touch
015p8TgFahkz0viuux9YGJ,Eins Zwei Polizei
2goLsvvODILDzeeiT4dAoR,Believe
1SfYqNab6yiVBKUHhEXGAD,It's Raining Men
5UmGJS0jd1r52OjnNvVHvU,La Bomba
3dxDj8pDPlIHCIrUPXuCeG,Sandstorm
1n7omixiROWs5q6xpWiQuL,Satisfaction - Isak Original Extended
3YB6nCSuFqNiqOvPtAPK9X,Be My Lover
6NLAzDPHSlV2bl7XbmivOq,Rhythm Is A Dancer - 12'' Version
3L9RIFcNF9IDGPRE96EO7N,The Rhythm of the Night
2wz5weI4PREzpexKfrKgwv,Sweet Dreams
0ibYVniVLMJWvc3eNfYk8T,Run Away
74jTexO94dFGyXGyeu8krd,Beautiful Life
2rTYgHxgcndkUrRoU7x0Sv,Mr. Vain
5UqCQaDshqbIk3pkhy4Pjg,Levels - Radio Edit
1mv4lh1rW1K6xhxhJmEezy,Music Sounds Better With You - Radio Edit
0xTySVrQi5Li96Wu7pCp80,Ayla - Original 1995 Mix
0wYVNC09iLBVIqHB07Hckt,Ecstasy
4RQGig0Vhr4GXmqfklCCyK,Rapture (Armin Van Burren Remix Remastered - Made Radio Edit) [feat. Nadia Ali]
6bFGodepI4y7w4AJBcCB1E,When I Hear Music
3AAufodtnqwvGMzklCU7qd,Diamond Girl
3W6WaJa1wRQfbhqotaHtyM,Fantasy Girl
60tsXfCcG6Ljxsr8whOXL5,The Sound Of San Francisco - Progressive Album Mix
5DLxa90qJDrft9CXVFBfi4,What A Feeling (Flashdance) - Clubhouse Album Mix
4rwpZEcnalkuhPyGkEdhu0,Scary Monsters and Nice Sprites
14epucTZd8dLIYipdByNZS,Antidote - Extended
0VffaI2jwQknRrxpECYHsF,Greyhound
06h3McKzmxS8Bx58USHiMq,Silhouettes - Original Radio Edit
1zIEwDU2IZyHjy17ssOvyr,Save The World
043bfUkTydw0xJ5JjOT91w,Don't You Worry Child
4qxUFzBKlmP98kIRKFszju,Lights - Bassnectar Remix - Bonus Track
2lLFCl7O5GWhR6RcuC4VXd,Feel So Close - Nero Remix
60wwxj6Dd9NJlirf84wr2c,Clarity
2ISSQPb9LHHiV6ng2NXosL,Beautiful Now
46lFttIf5hnUZMGvjK0Wxo,Runaway (U & I)
6fKEplI9iN0JMHsRGQESaT,Firebird
0qlAureWHln3vDCsqnkyRE,Done With Love
2CgOd0Lj5MuvOqzqdaAXtS,Shelter
1JY6B9ILvmRla2IKKRZvnH,Sad Machine
6BivCuyKJtgLa9ooFsvUoZ,Flicker
18cCBvygH6yEFDY0cYN3wT,Divinity
5x5zRAJy1a8lSKWCCKSCIH,I Turn To You - Hex Hector Radio Mix
5fQYWlXGarlfseuxG0F403,I Do Both Jay and Jane (Rave Mix)
3cJh89D0za2SW705fNBo3b,Where's Your Head At
1j6lrR4BzRGKwvAPfrIcbf,Invaders Must Die
144adL7pGHEWRwute2wxzZ,Omen
0EcH1iItB5rVIZaaiQMbsG,Take Me Away (Into The Night) - Vocal Radio Mix
33yAEqzKXexYM3WlOYtTfQ,D.A.N.C.E
5lgS45xqkTk2HVm7Jph9ya,Love Don't Let Me Go
4EzZPB8OujNAeND6C2SduJ,I'm Gonna Get You - Original Flavour Mix
0uqvSVhGgQTIdj9G51vhvv,Finally
3lX3jXOthWEzahVB1JSC2D,Set U Free
7nmvwosdapB8Bro5uIM7n2,Show Me Love - Extended Mix
0lHAMNU8RGiIObScrsRgmP,Titanium (feat. Sia)
0DhH2Soc7KYFxofj2AZzeB,9 PM - Till I come >The U.K. Mixes< - Sequential One 1999 Remix
4WFOXw0UnppTTagEAlrpAK,Everytime You Need Me - Radio Version
1QJFW9TapmQA41A1gp9nNe,L'amour Toujours
1HfPcQ3c2HyGeID3u1lmCa,She Wolf (Falling to Pieces) [feat. Sia]
05SBRd4fXgn8FX7bf8BCAE,I Need Your Love (feat. Ellie Goulding)
2QtJA4gbwe1AcanB2p21aP,Stay The Night - Featuring Hayley Williams Of Paramore
1dFkD1JfRMzwO6hwUsE8aS,Spectrum
2VtX9viww814jnWFERUhAS,Follow You Down
4OIMUs3KgUh77mjzJ8I5f9,The Bomb! (These Sound Fall into My Mind) - Radio Edit
3NRDLYyqIXja0UElvdzjkB,Language
0nejfXN5tjdICWIdfakXWx,Lionhearted
0AnJGlNdR56Hco4c2f4IYz,Polygon Dust
1pUsdir2xhSxP0RyBe9lLH,Icarus
7gUg4GdOA6Y6yRDe36GIjK,You
1eyzqe2QqGZUmfcPZtrIyt,Midnight City
7kXmJwrZGIhDaLT9sNo3ut,Hey Boy Hey Girl
1pKYYY0dkg23sQQXi0Q5zN,Around the World
7mCQK9YB25WZw1saUjfL4e,The Rockafeller Skank
2iwGE4y7yF8qzKc5WZ2Z8R,Smack My Bitch Up
7g8cjrj0sXScNE727685JE,"Kernkraft 400 - DJ Gius Mix, Radio Edit"
3UPBOL5UtCZmJRwioMkfLD,Encore Une Fois - Future Breeze Edit
3bUNyRrTFJDd4mqvUcb1Aa,Born Slippy (Nuxx) - Radio Edit
7gWc0QEt2hoIkMv3XxPY1T,Insomnia - Radio Edit
4HVGC52IogHANcKFA0QYiT,Yeah Yeah - D Ramirez Vocal Radio Edit
6v4wES772fbDP9GzjGXMK6,Air Haven
3v2oAQomhOcYCPPHafS3KV,Opus
4q4AsJhNDkL7kmdRHXacur,Song 2 - Fitness Version
3vRYtf5xgPrYeVzAmqvzTd,The Salmon Dance
0LSLM0zuWRkEYemF7JcfEE,Technologic
0tdxwIjvZq1SXuyghptjRO,You Gonna Want Me - Tocadisco Remix
5gDVFVaMndsyTDegGYX5cU,Firefly Cave
57nKL06bKwjaM5Y0aMtY9v,In And Out Of Love
5VHbwTo0bWAdzVQPa5NNdg,Perfect (Exceeder) - Vocal Club Mix
1g8tfpzmnzwf9dthE8abM3,Closer to Heaven
52PYQA6qjO2HEg8hAsfGmt,Nightmare (Sinister Strings Radio Edit)
4Wcskrwj034NGV14g0EGCL,3 2 1 Fire - Santos Acrobatic Motorball Mix
5sdDzzl866nMO5HQaNWrUH,I Wish
2yWyFT6bW1Rd9cjVvYi4v8,Superstylin'
3MCCYUXWRRGVk4sf2IhzoJ,Lazy (feat. David Byrne)
6B8Sm7JafUT6zMfMkWWnH0,No Good (Start the Dance)
0UGXglDH1G7CBRRuXQxFM0,Freestyler - Alternative Radio Edit
0UzhQhSjlIiNHqozH0tKHl,Voodoo People
0RqYFlUvMjCfNG9oP2KVuT,Blood Is Pumping
0CECbcanOoDprkHvuutPN4,Lethal Industry
6gLWmriEtCkfnIvTmWyb4e,Yeke Yeke - Short Mix
7y7OUhisOYWzku0YUp71gW,Full Focus - Radio Version
5hDPWrf12qJQ2pFGTbputX,Ecuador - Original Radio Edit
5FDn1oWUD5BXL2HCfmCk2F,Man With The Red Face - Radio Edit
6Pt9xUGrDSZ4y8jUHGpWZw,My Friend - Compilation Edit
0Kz0jt07LSlLVYO2razzQp,Dancefloor - Radio Edit
429n2DiVGtUhLykaXmBKfT,Blade - 200 C° Radio Edit
0jBVcUK9wvvw3vHuMnxscS,Just Bleep Me (Satisfaction)
6s9l3SVqpXLXnJ1OhkTA0q,Electrize
6zXQ79GjGTPsThdRoheJlA,Walking Away
7KUsZg51ktiV77dhS03IME,Exceeder
2kz2jdB76bTMweaNuBUcji,Run For Cover (Radio Edit)
45dFoM6uCr2zDP7V29lhGC,Party Bobba - Mowgli Remix
2mkBHN67xLpHrpqOuj79Yz,Chase the Sun
1j2RM0usaSY1eNRz2ntoCG,The Creeps (Get On The Dancefloor) - Radio Edit
65opF0Zb5GJMoNgWOx6caT,The Drill - Radio Edit
5BkmvGrdveBoQpYjiYQVPR,I'll Be There (feat. Jimbolee)
1KaZoy4ZW6CtpoasYMlPOe,"75, Brazil Street - Radio Mix"
4jcf9XSGR2rhIJ8DavPWr8,Feels Like Home (Radio Edit)
1zfDxciOQhfLDiS8L1ZP7V,Koma (Reloaded) - Single Mix
1SzhNmncwFyZHXLFs0rgxT,Phatt Bass - Warp Brothers Single Cut
6daQ9S91breHsKN4Qd2mar,You Are so Quiet - Video Mix
2PEXpDuu8HTcs4Bl0hR1hG,La Follia - Intro Mix
59AUHYXj5iKhJGwDsbU1CZ,The 6th Gate (Dance With the Devil) - Radio Edit
5erpKW9e9MxokrjehVVJK7,Partyalarm (Und Ab Geht's) - Radio Mix
1NDpzH7FlB9s33OzHkHh3P,The Message - DJ Bart Short Radio Mix
6txxaSNtTclrgY8ZQ2lIN1,Derb - Derbus Radio Edit
1SwkoaG2k49XASklZIAon2,MUSICA (Kick Da Mix)
0MeOKZnWXr5ALIOWPxv13H,Party People - Mricky & Danieli Radio Mix
5GndQG5t6KAvQQ0o6y3LUg,Strings Of Life - Danny Krivit Re Edit [Mixed]
5sPvRaPgEVZ1vPausgcu27,Welcome to Africa - Short Cut
51R0XKnca8Je9Nl8EaW7UD,Bitch - Radio Edit
7uQWtaM6QwPLVTnw2xEXhw,Dark Beat - Original Murk Mix Radio Edit
1CJXHuTAdt3txMkmUjOJ3E,Superstar (The Remixes) - Jan Wayne Remix
1hXToFZUlbOaAfaWW4JabB,Tu Es Foutu - Benny Benassi Sfaction Mix
5ptU4IO53hadDV43T0PBll,Spread Love - Video
4pfYb7KVrL96T6VHEsCf6K,Bucci Bag - Original Mix
7govOC9vuXcin2Ob9PhvJH,I Need More (Single Edit)
7khLgMuA7m4SA6aaDv1QSv,Tempted To Touch
1LomM3L6atrf79ZL7nHDp4,Shake Senora (feat. T-Pain & Sean Paul)
1UmI1kV6HpC56GtcMtV22b,Clubbin' (feat. Joe Budden and Pied Piper)
6Rb0ptOEjBjPPQUlQtQGbL,Hotel Room Service
4hHXhCRSnOKd6nMGaivmD0,Hotel (feat. R. Kelly)
0FmCLEHfINGqwlyzvklNqy,Holidae In
6A5NlmBCsCGbJ27jHQgKV5,Do You Remember
63rbP24OzfaQCJjsHWZXnY,Where Them Girls At (feat. Nicki Minaj & Flo Rida)
1B4iEymNy6FyU2I39ujzVw,Pon De Replay - Remix
0mtPNQl5vePVwiI9Vykp7L,We Run The Night
6sHBvzRsuGunQTfCk18KXi,Bailando por Ahi
1XS0Gyb2YyUgoxa8O67emr,Dirty Dancer
4WY3HyGXsWqjFRCVD6gnTe,Baby Boy (feat. Sean Paul)
2ndnVdR8si7CW9T8vJRHyW,Move Ya Body
4e5IMo6PsFM3685ZY0wvEQ,"Move, Shake, Drop"
7ElF5zxOwYP4qVSWVvse3W,Break Your Heart
49ou9vBZLTCi4TYoYzR3F9,Calabria 2007 (feat. Natasja) - Radio Edit
3pDhN3qB33AOPhQEkUCaWt,Limbo
43s0CIP1nrgUXCLyBmchYH,"Shake Senora Remix (feat. T-Pain, Sean Paul & Ludacris)"
0XM4R7PJdyKv06JyXvJ9rN,I Like It - Jason Nevins Remix
6oyl7ELfrMqXLhGmIjXY9R,Lovumba
0QOSqWbludidwxUiGMLv49,Got 2 Luv U (I Don't Even Want to Fight)
7HctR6dqgzdU9v3LYfDElj,Ten Cuidado
3eJH2nAjvNXdmPfBkALiPZ,Acapulco
1xQ6trAsedVPCdbtDAmk0c,Savage Love (Laxed - Siren Beat)
6kex4EBAj0WHXDKZMEJaaF,Swalla (feat. Nicki Minaj & Ty Dolla $ign)
4Lt6GXGzYsa1tgkv3nGSTm,Love Not War (The Tampa Beat)
6FvSS3Goz7OC8oCC2eWqe8,Jalebi Baby (Tesher x Jason Derulo)
6Yv6HKt3i62npobME60tAS,Hit The Rai Floor (feat. Big Ali & Cheb Akil)
2fANKpHqnRTIOvaBVELpav,Summer Jam - Video Edit
7zL9xrz5krsuC6qVNluQQw,It's Like That
1MtUq6Wp1eQ8PC6BbPCj8P,I Took A Pill In Ibiza - Seeb Remix
6JLcz9UGiVxAmEZXlCucn5,Wobble
07Tx168RSsUS1HqkDIOZbH,Cupid Shuffle
0kIHfcHGFGm5xb0dSlKEdp,Hood Go Crazy
2cZ5ACJfBj2uAXARdHpjAW,The Anthem
1V4jC0vJ5525lEF1bFgPX2,Shots
0Qn0i8df7Q76ej3RAXAtI2,Rock This Party - Everybody Dance Now
